druckort,dbsm_count,location,lat,lon
Aarhus,,"Aarhus, Aarhus Kommune, Region Midtjylland, 8000, Danmark",56.1496278,10.2134046
Abbeville,,"Abbeville, Somme, Hauts-de-France, France métropolitaine, 80100, France",50.1060835,1.8337029
Albi,,"Albi, Tarn, Occitanie, France métropolitaine, 81000, France",43.9277552,2.147899
Alcalá,,"Alcalá de Henares, Espana",40.48185961576052, -3.362213182318283
Alost,1.0,"Aalst, Oost-Vlaanderen, Vlaanderen, België / Belgique / Belgien",50.9383226,4.0392147
Amsterdam,,"Amsterdam, Noord-Holland, Nederland",52.3727598,4.8936041
Angers,,"Angers, Maine-et-Loire, Pays de la Loire, France métropolitaine, France",47.4739884,-0.5515588
Angoulême,,"Angoulême, Charente, Nouvelle-Aquitaine, France métropolitaine, 16000, France",45.6512748,0.1576745
Antwerpen,2.0,"Antwerpen, Vlaanderen, België / Belgique / Belgien",51.2211097,4.3997081
Aquila,1.0,"Aquila, Italia",42.350444589007644, 13.4015587788471
Arles,,"Arles, Bouches-du-Rhône, Provence-Alpes-Côte d'Azur, France métropolitaine, France",43.6776223,4.6309653
Ascoli,,"Ascoli",42.853448717807346, 13.575541666697013
Audenarde,1.0,"Oudenaarde, Oost-Vlaanderen, Vlaanderen, 9700, België / Belgique / Belgien",50.8433705,3.6041443
Augsburg,112.0,"Augsburg, Bayern, Deutschland",48.3668041,10.8986971
Avignon,1.0,"Avignon, Vaucluse, Provence-Alpes-Côte d'Azur, France métropolitaine, France",43.9492493,4.8059012
Bamberg,5.0,"Bamberg, Bayern, Deutschland",49.8916044,10.8868478
Barcelona,,"Barcelona, Barcelonès, Barcelona, Catalunya, 08001, España",41.3828939,2.1774322
Barco,,"Barco, Orzinuovi, Unione dei Comuni Bassa Bresciana Occidentale, Brescia, Lombardia, 25034, Italia",45.3791667,9.8995332
Basel,82.0,"Basel, Basel-Stadt, Schweiz/Suisse/Svizzera/Svizra",47.5581077,7.5878261
Bayern,,"Bayern, Deutschland",48.9467562,11.4038717
Bergamo,,"Bergamo, Lombardia, Italia",45.756655699999996,9.754219200862249
Beromünster,,"Beromünster, Luzern, Schweiz/Suisse/Svizzera/Svizra",47.2076373,8.1924386
Besançon,,"Besançon, Doubs, Bourgogne-Franche-Comté, France métropolitaine, 25000, France",47.2380222,6.0243622
Blaubeuren,4.0,"Blaubeuren, Gemeindeverwaltungsverband Blaubeuren, Alb-Donau-Kreis, Baden-Württemberg, 89143, Deutschland",48.4121233,9.7847091
Bologna,11.0,"Bologna, Emilia-Romagna, Italia",44.4937577,11.3430308
Bourges,,"Bourges, Cher, Centre-Val de Loire, France métropolitaine, 18000, France",47.0814396,2.3986275
Braga,,"Braga, Norte, Portugal",41.5510583,-8.4280045
Braunschweig,,"Braunschweig, Niedersachsen, Deutschland",52.2646577,10.5236066
Bréhant-Loudéac,,Bréhant-Loudéac,48.06031601316026, -2.686432154001556
Brescia,8.0,"Brescia, Lombardia, Italia",45.77958045,10.4258729694612
Breslau,,"Wrocław, powiat trzebnicki, województwo dolnośląskie, Polska",51.1263106,16.97819633051261
Brügge,,"Brugge, West-Vlaanderen, Vlaanderen, België / Belgique / Belgien",51.2085526,3.226772
Brünn,,"Brno, okres Brno-město, Jihomoravský kraj, Jihovýchod, Česko",49.1922443,16.6113382
Brüssel,,"Bruxelles / Brussel, Ville de Bruxelles - Stad Brussel, Brussel-Hoofdstad - Bruxelles-Capitale, Région de Bruxelles-Capitale - Brussels Hoofdstedelijk Gewest, België / Belgique / Belgien",50.8436709,4.3674366933879565
Buda,,"Buda",47.418325076960336, 19.0311672654753
Burgdorf,1.0,"Burgdorf, Verwaltungskreis Emmental, Verwaltungsregion Emmental-Oberaargau, Bern/Berne, Schweiz/Suisse/Svizzera/Svizra",47.0571316,7.6237466
Burgos,,"Burgos, Castilla y León, España",42.343926,-3.696977
Caen,,"Caen, Calvados, Normandie, France métropolitaine, 14000, France",49.1813403,-0.3635615
Cagli,,"Cagli, Pesaro e Urbino, Marche, Italia",43.5457373,12.6517877
Cagliari,,"Cagliari - Casteddu, Cagliari, Sardegna, Italia",39.2169525,9.1128513
Carmagnola,,Carmagnola,44.845432651867775, 7.718374469663871
Capua,,"Capua, Caserta, Campania, Italia",41.1079984,14.2097176
Casale Monferrato,,"Casale Monferrato, Alessandria, Piemonte, 15033, Italia",45.1362661,8.4498127
Casalmaggiore,,"Casalmaggiore, Cremona, Lombardia, Italia",44.9863857,10.4153504
Caselle,1.0,"Caselle, Bibbiena, Arezzo, Toscana, 52011, Italia",43.7137821,11.8571493
Castano Primo,,"Castano Primo, Milano, Lombardia, 20022, Italia",45.5515936,8.7769924
Cesena,,"Cesena, Unione dei comuni Valle del Savio, Forlì-Cesena, Emilia-Romagna, Italia",44.136352,12.2422442
Cetinje,,"Cetinje, Prijestolnica Cetinje, Crna Gora / Црна Гора",42.389633,18.9246085
Chablis,,"Chablis, Auxerre, Yonne, Bourgogne-Franche-Comté, France métropolitaine, 89800, France",47.8152073,3.8001657
Châlons,,"Chalon, Vienne, Isère, Auvergne-Rhône-Alpes, France métropolitaine, 38122, France",45.4458331,4.9310763
Chambéry,,"Chambéry, Savoie, Auvergne-Rhône-Alpes, France métropolitaine, 73000, France",45.5662672,5.9203636
Chartres,,"Chartres, Eure-et-Loir, Centre-Val de Loire, France métropolitaine, 28000, France",48.4438601,1.4881434
Chaves,,"Chaves, Vila Real, Norte, Portugal",41.7399453,-7.471477
Chivasso,1.0,"Chivasso, Torino, Piemonte, 10034, Italia",45.1909588,7.8871864
Cividale,1.0,"Cividale, Granarolo dell'Emilia, Unione Terre di Pianura, Bologna, Emilia-Romagna, 40057, Italia",44.5721834,11.4413059
Cluny,,"Cluny, Mâcon, Saône-et-Loire, Bourgogne-Franche-Comté, France métropolitaine, 71250, France",46.4339138,4.6575708
Colle,,"Colle, La Bianca, Campello sul Clitunno, Perugia, Umbria, 06042, Italia",42.8290876,12.7904105
Como,,"Como, Lombardia, Italia",45.939475900000005,9.149410145408947
Coria,,"Coria, Vegas del Alagón, Cáceres, Extremadura, 10800, España",39.9831574,-6.5366803
Cosenza,,"Cosenza, Calabria, Italia",39.596685300000004,16.333055599019605
Cremona,,"Cremona, Lombardia, Italia",45.22086405,10.037037979628856
Danzig,,"Gdańsk, powiat gdański, województwo pomorskie, Polska",54.36143405,18.62821847557274
Delft,2.0,"Delft, Zuid-Holland, Nederland",51.999457199999995,4.362724538543995
Deutschland,,Deutschland,51.0834196,10.4234469
Deventer,3.0,"Deventer, Overijssel, Nederland",52.2695736,6.236339604766698
Dijon,,"Dijon, Côte-d'Or, Bourgogne-Franche-Comté, France métropolitaine, 21000, France",47.3215806,5.0414701
Dôle,,"Dole, Jura, Bourgogne-Franche-Comté, France métropolitaine, 39100, France",47.0921047,5.4925463
Eichstätt,,"Eichstätt, Landkreis Eichstätt, Bayern, 85072, Deutschland",48.8933417,11.1838965
Elsass,,"Alsace, France métropolitaine, France",48.24917645,7.4074699518555
Eltville,1.0,"Eltville, Eltville am Rhein, Rheingau-Taunus-Kreis, Hessen, 65343, Deutschland",50.05575125,8.08935315370493
Embrun,,"Embrun, Gap, Hautes-Alpes, Provence-Alpes-Côte d'Azur, France métropolitaine, 05200, France",44.5641764,6.4958189
England,,"England, United Kingdom",52.5310214,-1.2649062
Erfurt,3.0,"Erfurt, Thüringen, Deutschland",50.9777974,11.0287364
Esslingen,5.0,"Esslingen am Neckar, Landkreis Esslingen, Baden-Württemberg, Deutschland",48.7427584,9.3071685
Evora,,"Évora, Alentejo, Portugal",38.5707742,-7.9092808
Faenza,,"Faenza, Unione della Romagna Faentina, Ravenna, Emilia-Romagna, 48018, Italia",44.2855555,11.8832055
Fano,,"Fano, Pesaro e Urbino, Marche, 61032, Italia",43.8424173,13.0146632
Faro,,Faro,37.019581751397325, -7.931176187400849
Ferrara,4.0,"Ferrara, Emilia-Romagna, Italia",44.766764249999994,11.827938995640167
Fivizzano,,"Fivizzano, Unione di comuni Montana Lunigiana, Massa-Carrara, Toscana, 54013, Italia",44.23835,10.12599
Florenz,3.0,"Firenze, Toscana, Italia",43.7698712,11.2555757
Foligno,1.0,"Foligno, Perugia, Umbria, 06034, Italia",42.9561825,12.703334
Forlì,,"Forlì, Unione di Comuni della Romagna Forlivese, Forlì-Cesena, Emilia-Romagna, Italia",44.2227278,12.041273
Frankfurt (Oder),,"Frankfurt (Oder), Brandenburg, Deutschland",52.3412273,14.549452
Frankreich,,France,46.603354,1.8883335
Freiberg,,"Freiberg",50.912562479861755, 13.340824351611992
Freiburg,,"Freiburg im Breisgau, Baden-Württemberg, Deutschland",47.9960901,7.8494005
Freising,,"Freising, Landkreis Freising, Bayern, Deutschland",48.4008273,11.7439565
Gaeta,1.0,"Gaeta, Latina, Lazio, 04024, Italia",41.218312,13.56281
Genf,1.0,"Genève, Grand Genève, Genève, Schweiz/Suisse/Svizzera/Svizra",46.2017559,6.1466014
Gent,,"Gent, Oost-Vlaanderen, Vlaanderen, België / Belgique / Belgien",51.0538286,3.7250121
Genua,,"Genova, Liguria, Italia",44.40726,8.9338624
Gerona,,"Girona, Gironès, Girona, Catalunya, España",41.9793006,2.8199439
Gouda,1.0,"Gouda, Krimpenerwaard, Zuid-Holland, Nederland",52.018119350000006,4.711122134697802
Goupillières,,"Goupillières, Rouen, Seine-Maritime, Normandie, France métropolitaine, 76570, France",49.5832391,0.9794989
Gradisca,,"Gradisca, Spilimbergo, UTI del Tagliamento, Friuli-Venezia Giulia, 33097, Italia",46.0724506,12.9014231
Granada,,"Granada, Comarca de la Vega de Granada, Granada, Andalucía, España",37.1734995,-3.5995337
Grenoble,,"Grenoble, Isère, Auvergne-Rhône-Alpes, France métropolitaine, France",45.1875602,5.7357819
Gripsholm,,"Gripsholm, Skogsborg, Slottsbrinken, Mariefred, Strängnäs kommun, Södermanlands län, Sverige",59.2558303,17.21917601419753
Guadalajara,,"Guadalajara, Spanien",40.63280763069521, -3.161413815252045
Haarlem,,"Haarlem, Noord-Holland, Nederland",52.383705750000004,4.643559696559635
Hagenau,9.0,"Haguenau, Haguenau-Wissembourg, Bas-Rhin, Grand Est, France métropolitaine, 67500, France",48.8172236,7.7885978
Hamburg,,"Hamburg, 20095, Deutschland",53.550341,10.000654
Hasselt,,"Hasselt, Limburg, Vlaanderen, België / Belgique / Belgien",50.9303735,5.3378043
Heidelberg,5.0,"Heidelberg, Baden-Württemberg, Deutschland",49.4093582,8.694724
Híjar,,"Híjar, Bajo Martín, Teruel, Aragón, 44530, España",41.1747377,-0.4515985
Huete,,"Huete, Cuenca, Castilla-La Mancha, 16500, España",40.143961,-2.6912644
Jerez,,"Jerez de la Frontera, Campiña de Jerez, Cádiz, Andalucía, España",36.6816936,-6.1377402
Jesi,,"Jesi, Ancona, Marche, 60035, Italia",43.5219801,13.2443764
Ingolstadt,2.0,"Ingolstadt, Bayern, Deutschland",48.7630165,11.4250395
Italien,,Italia,42.6384261,12.674297
Kirchheim,,"Kirchheim, Molsheim, Bas-Rhin, Grand Est, France métropolitaine, 67520, France",48.6102516,7.4966532
Köln,,"Köln, Nordrhein-Westfalen, Deutschland",50.938361,6.959974
Konstantinopel,,"İstanbul, Fatih, İstanbul, Marmara Bölgesi, 34126, Türkiye",41.0096334,28.9651646
Konstanz,,"Konstanz, Verwaltungsgemeinschaft Konstanz, Landkreis Konstanz, Baden-Württemberg, Deutschland",47.659216,9.1750718
Kopenhagen,,"København, Københavns Kommune, Region Hovedstaden, 1357, Danmark",55.6867243,12.5700724
Kosinj,,"Gornji Kosinj, Općina Perušić, Ličko-senjska županija, Hrvatska",44.716409,15.2753538
Krakau,1.0,"Kraków, powiat wielicki, województwo małopolskie, Polska",50.0469432,19.997153435836697
Kuilenberg,,"Culemborg, Gelderland, Nederland",51.9573504,5.2253042
Kulm,,"Chełmno, gmina Stolno, powiat chełmiński, województwo kujawsko-pomorskie, 86-200, Polska",53.35250284999999,18.440424707276136
Kuttenberg,,"Kutná Hora, okres Kutná Hora, Střední Čechy, Česko",49.9486561,15.2681123
Landshut,,"Landshut, Bayern, Deutschland",48.536217,12.1516551
Lantenac,,"route de l'Antenac, Mayrègne, Saint-Gaudens, Haute-Garonne, Occitanie, France métropolitaine, 31110, France",42.8360763,0.5502912
Lauingen,2.0,"Lauingen (Donau), Landkreis Dillingen an der Donau, Bayern, 89415, Deutschland",48.5710836,10.4305438
Lausanne,,"Lausanne, District de Lausanne, Vaud, Schweiz/Suisse/Svizzera/Svizra",46.5218269,6.6327025
Leiden,,"Leiden, Zoeterwoude, Zuid-Holland, Nederland",52.1518157,4.4811088666204295
Leipzig,16.0,"Leipzig, Sachsen, Deutschland",51.3406321,12.3747329
Leiria,,"Leiria, Centro, Portugal",39.7437902,-8.8071119
Lérida,,"Lleida, Segrià, Lleida, Catalunya, España",41.6147605,0.6267842
Limoges,,"Limoges, Haute-Vienne, Nouvelle-Aquitaine, France métropolitaine, France",45.8354243,1.2644847
Lissabon,,"Lisboa, Portugal",38.7077507,-9.1365919
Löwen,,"Leuven, Vlaams-Brabant, Vlaanderen, België / Belgique / Belgien",50.879202,4.7011675
Logroño,,"Logroño, La Rioja, España",42.4661196,-2.4396676
London,,"London, Greater London, England, United Kingdom",51.5073219,-0.1276474
Lucca,1.0,"Lucca, Toscana, Italia",44.017763900000006,10.454430026192636
Lübeck,,"Lübeck, Markt, Innenstadt, Lübeck, Schleswig-Holstein, 23552, Deutschland",53.866444,10.684738
Lüneburg,,"Lüneburg, Niedersachsen, Deutschland",53.248706,10.407855
Lüttich,,"Liège, Wallonie, 4000, België / Belgique / Belgien",50.6451381,5.5734203
Lyon,9.0,"Lyon, Métropole de Lyon, Circonscription départementale du Rhône, Auvergne-Rhône-Alpes, France métropolitaine, France",45.7578137,4.8320114
Mâcon,,"Mâcon, Saône-et-Loire, Bourgogne-Franche-Comté, France métropolitaine, 71000, France",46.3036683,4.8322266
Madrid,,"Madrid, Área metropolitana de Madrid y Corredor del Henares, Comunidad de Madrid, 28001, España",40.4167047,-3.7035825
Magdeburg,1.0,"Magdeburg, Sachsen-Anhalt, Deutschland",52.1315889,11.6399609
Mailand,15.0,"Milano, Lombardia, Italia",45.4668,9.1905
Mainz,81.0,"Mainz, Rheinland-Pfalz, Deutschland",50.0012314,8.2762513
Mallorca,,"Mallorca, Illes Balears, España",39.6134018,2.8804305326400756
Mantua,2.0,"Mantova, Lombardia, Italia",45.1692628,10.670836515673878
Marienburg,,"Malbork, powiat malborski, województwo pomorskie, 82-200, Polska",54.0287383,19.039396385383558
Marienthal,4.0,"Marienthal, Wandsbek, Hamburg, 22043, Deutschland",53.5651302,10.0823813
Matelica,,"Matelica, Macerata, Marche, 62024, Italia",43.25656,13.0105143
Meissen,,"Meißen, Sachsen, Deutschland",51.1630871,13.4704939
Memmingen,6.0,"Memmingen, Bayern, 87700, Deutschland",47.9867696,10.181319
Merseburg,,"Merseburg, Saalekreis, Sachsen-Anhalt, 06217, Deutschland",51.3564413,11.996148
Messaga,,"Messaga, Cecina, Toscolano Maderno, Comunità Montana Parco Alto Garda bresciano, Brescia, Lombardia, 25088, Italia",45.6529842,10.6252274
Messina,,"Messina, Sicilia, Italia",38.1937571,15.5542082
Metz,,"Metz, Moselle, Grand Est, France métropolitaine, France",49.1196964,6.1763552
Modena,,"Modena, Emilia-Romagna, Italia",44.5384728,10.935960870530739
Mondoñedo,,"Mondoñedo, A Mariña Central, Lugo, Galicia, España",43.4296687,-7.3638814
Mondovi,,"Mondovì, Cuneo, Piemonte, Italia",44.3900282,7.8204718
Montalban,,"Montauban, Tarn-et-Garonne, Occitanie, France métropolitaine, 82000, France",44.0175835,1.3549991
Montserrat,,Montserrat,41.593261988556215, 1.836785204710329
Moutiers,,"Moutiers, Briey, Meurthe-et-Moselle, Grand Est, France métropolitaine, 54660, France",49.2332157,5.9669258
München,,"München, Bayern, Deutschland",48.1371079,11.5753822
Münster,,"Münster, Nordrhein-Westfalen, Deutschland",51.9625101,7.6251879
Murcia,,"Murcia, Área Metropolitana de Murcia, Región de Murcia, España",37.9923795,-1.1305431
Nantes,,"Nantes, Loire-Atlantique, Pays de la Loire, France métropolitaine, France",47.2186371,-1.5541362
Narbonne,,"Narbonne, Aude, Occitanie, France métropolitaine, 11100, France",43.1837661,3.0042121
Nazzano,,"Nazzano, Roma Capitale, Lazio, Italia",42.229257,12.5976389
Neapel,2.0,"Napoli, Campania, Italia",40.8359336,14.2487826
Niederlande,,Nederland,52.5001698,5.7480821
Nijmegen,,"Nijmegen, Gelderland, Nederland",51.842574850000005,5.838960628748229
Nördlingen,,"Nördlingen, Landkreis Donau-Ries, Bayern, Deutschland",48.8516578,10.4885873
Nonantola,,"Nonantola, Unione dei comuni del Sorbara, Modena, Emilia-Romagna, 41015, Italia",44.6776083,11.0436236
Novi,,"Novi Sad",45.24087377722223, 19.820429831083135
Nozzano,,"Nozzano, Via della Stazione, Castiglioncello, Balbano, Lucca, Toscana, 55050, Italia",43.8299769,10.4071698
Nürnberg,,"Nürnberg, Bayern, Deutschland",49.453872,11.077298
Oberrhein,,"Mittlerer Oberrhein, Baden-Württemberg, Deutschland",48.9383494,8.36151386218039
Odense,,"Odense, Odense Kommune, Region Syddanmark, 5000, Danmark",55.3997225,10.3852104
Offenburg,1.0,"Offenburg, Verwaltungsgemeinschaft Offenburg, Ortenaukreis, Baden-Württemberg, Deutschland",48.4716556,7.944378
Olmütz,,"Olomouc, okres Olomouc, Olomoucký kraj, Střední Morava, Česko",49.5940567,17.251143
Oppenheim,,"Oppenheim, Rhein-Selz, Landkreis Mainz-Bingen, Rheinland-Pfalz, 55276, Deutschland",49.8527604,8.3548557
Orense,,"Ourense, Galicia, España",42.1968459,-7.6114105
Orléans,,"Orléans, Loiret, Centre-Val de Loire, France métropolitaine, France",47.9027336,1.9086066
Oviedo,,"Oviedo, Asturias / Asturies, España",43.3605977,-5.8448989
Oxford,,"Oxford, UK",51.75145821277631, -1.2541125771967359
Padua,4.0,"Padova, Veneto, Italia",45.4077172,11.8734455
Palermo,,"Palermo, Sicilia, Italia",38.1112268,13.3524434
Pamplona,,"Pamplona/Iruña, Navarra - Nafarroa, España",42.8184538,-1.6442556
Paris,13.0,"Paris, Île-de-France, France métropolitaine, France",48.8566969,2.3514616
Parma,3.0,"Parma, Emilia-Romagna, Italia",44.8013678,10.3280833
Passau,1.0,"Passau, Bayern, Deutschland",48.5748229,13.4609744
Pavia,3.0,"Pavia, Lombardia, Italia",45.036854649999995,9.137825082826026
Périgueux,,"Périgueux, Dordogne, Nouvelle-Aquitaine, France métropolitaine, 24000, France",45.1909365,0.7184407
Perpignan,,"Perpignan, Pyrénées-Orientales, Occitanie, France métropolitaine, France",42.6985304,2.8953121
Perugia,1.0,"Perugia, Umbria, Italia",43.1070321,12.402996209906487
Pesaro,,"Pesaro, Pesaro e Urbino, Marche, Italia",43.9098114,12.9131228
Pescia,1.0,"Pescia, Pistoia, Toscana, 51017, Italia",43.90171,10.6897811
Pforzheim,1.0,"Pforzheim, Baden-Württemberg, Deutschland",48.8908846,8.7029532
Piacenza,,"Piacenza, Emilia-Romagna, Italia",44.8476352,9.666531257696896
Pilsen,,"Plzeň, okres Plzeň-město, Plzeňský kraj, Jihozápad, Česko",49.7477415,13.3775249
Pinerolo,1.0,"Pinerolo, Torino, Piemonte, 10064, Italia",44.8873086,7.3319454
Piove di Sacco,,"Piove di Sacco, Padova, Veneto, 35028, Italia",45.297692,12.036814
Pisa,1.0,"Pisa, Toscana, Italia",43.7159395,10.4018624
Pogliano,,"Pogliano, Moncucco Torinese, Asti, Piemonte, 14024, Italia",45.0773346,7.9479602
Poitiers,,"Poitiers, Vienne, Nouvelle-Aquitaine, France métropolitaine, 86000, France",46.5802596,0.340196
Polen,,Polska,52.215933,19.134422
Portese,,"Portese, San Felice del Benaco, Brescia, Lombardia, 25087, Italia",45.5951737,10.552052
Pôrto,,"Porto, Norte, Portugal",41.1494512,-8.6107884
Portugal,,Portugal,40.0332629,-7.8896263
Prag,1.0,"Praha, Česko",50.0596288,14.446459273258009
Promenthoux,,"Ferme de Promenthoux, Prangins, Grand Genève, District de Nyon, Vaud, 1197, Schweiz/Suisse/Svizzera/Svizra",46.39407185,6.264779935784313
Provins,,"Provins, Seine-et-Marne, Île-de-France, France métropolitaine, 77160, France",48.5602959,3.2988089
Regensburg,,"Regensburg, Bayern, Deutschland",49.0195333,12.0974869
Reggio d’Emilia,,Reggio d’Emilia,44.69930584920791, 10.636894457709685
Reggio di Calabria,,"Reggio di Calabria, Calabria, Italia",38.1035389,15.6397556
Reichenstein,,"Kašperské Hory, okres Klatovy, Plzeňský kraj, Jihozápad, 341 92, Česko",49.1434723,13.5560577
Rennes,,"Rennes, Ille-et-Vilaine, Bretagne, France métropolitaine, France",48.1113387,-1.6800198
Reutlingen,14.0,"Reutlingen, Landkreis Reutlingen, Baden-Württemberg, Deutschland",48.4919508,9.2114144
Ribe,,"Ribe, Esbjerg Kommune, Region Syddanmark, Danmark",55.3284036,8.7647838
Rom,17.0,"Roma, Roma Capitale, Lazio, Italia",41.8933203,12.4829321
Rostock,,"Rostock, Mecklenburg-Vorpommern, Deutschland",54.0924445,12.1286127
Rouen,,"Rouen, Seine-Maritime, Normandie, France métropolitaine, France",49.4404591,1.0939658
Rougemont,,"Rougemont, Montbard, Côte-d'Or, Bourgogne-Franche-Comté, France métropolitaine, 21500, France",47.66736,4.24459
’s Hertogenbosch,,"'s-Hertogenbosch, Noord-Brabant, Nederland",51.6889351,5.3031044
Saint-Albans,,"St Albans, Hertfordshire, East of England, England, United Kingdom",51.7492956,-0.3422526
Salamanca,,"Salamanca, Castilla y León, España",40.9651572,-5.6640182
Salins,,"Salins, Provins, Seine-et-Marne, Île-de-France, France métropolitaine, 77148, France",48.4224933,3.0203102
Saloniki,,"Θεσσαλονίκη, Δημοτική Ενότητα Θεσαλονίκης, Δήμος Θεσσαλονίκης, Περιφερειακή Ενότητα Θεσσαλονίκης, Περιφέρεια Κεντρικής Μακεδονίας, Αποκεντρωμένη Διοίκηση Μακεδονίας - Θράκης, 54626, Ελλάς",40.6403167,22.9352716
Saluzzo,,"Saluzzo, Cuneo, Piemonte, Italia",44.6446052,7.4926009
San Cesario,,"San Cesario, San Vittore del Lazio, Frosinone, Lazio, 03044, Italia",41.4362561,13.9063523
San Germano,,"San Germano, Camerano, Ancona, Marche, 60021, Italia",43.5357116,13.5619149
Sankt Maartensdijk,,"Sint-Maartensdijk, Tholen, Zeeland, Nederland",51.5485101,4.0779213
Santorso,,"Santorso, Vicenza, Veneto, 36014, Italia",45.7372986,11.3903211
Savigliano,,"Savigliano, Cuneo, Piemonte, 12038, Italia",44.644037,7.655929
Savona,,"Savona, Liguria, Italia",44.2334238,8.252572737021062
Scandiano,1.0,"Scandiano, Tresinaro - Secchia, Reggio nell'Emilia, Emilia-Romagna, 42019, Italia",44.5993449,10.6878385
Schiedam,,"Schiedam, Zuid-Holland, Nederland",51.9300454,4.386451052615731
Schlesien,,"Schlesin, Grebs-Niendorf, Dömitz-Malliß, Ludwigslust-Parchim, Mecklenburg-Vorpommern, 19303, Deutschland",53.2045391,11.2401781
Schleswig,,"Schleswig, Schleswig-Flensburg, Schleswig-Holstein, 24837, Deutschland",54.51851,9.5653284
Schoonhoven,,"Schoonhoven, Krimpenerwaard, Zuid-Holland, Nederland",51.9463984,4.8516431
Schussenried,,"Bad Schussenried, Verwaltungsgemeinschaft Bad Schussenried, Landkreis Biberach, Baden-Württemberg, 88427, Deutschland",48.0047363,9.6561098
Schwaben(?),,"Schwaben, Deutschland",48.15313125,10.47129100603846
Schweiz,,Schweiz/Suisse/Svizzera/Svizra,46.7985624,8.2319736
Segorbe,,"Segorbe, l'Alt Palància, Castelló / Castellón, Comunitat Valenciana, 12400, España",39.8519011,-0.4895537
Segovia,,"Segovia, Castilla y León, España",40.9502159,-4.1241494
Sevilla,1.0,"Sevilla, Andalucía, España",37.3886303,-5.9953403
Siena,,Siena,43.318875635573484, 11.329193691954176
Soncino,,"Soncino, Cremona, Lombardia, 26029, Italia",45.3989753,9.8744242
Spanien,,España,39.3260685,-4.8379791
Speyer,25.0,"Speyer, Rheinland-Pfalz, 67346, Deutschland",49.3165553,8.433615
Stendal,,"Stendal, Sachsen-Anhalt, 39576, Deutschland",52.6050782,11.8594279
Stockholm,1.0,"Stockholm, Stockholms kommun, Stockholms län, 111 29, Sverige",59.3251172,18.0710935
Strassburg,,"Strasbourg, Bas-Rhin, Grand Est, France métropolitaine, France",48.584614,7.7507127
Stuttgart,,"Stuttgart, Baden-Württemberg, Deutschland",48.7784485,9.1800132
Subiaco,2.0,"Subiaco, Roma Capitale, Lazio, 00028, Italia",41.9267153,13.0944317
Sursee,,"Sursee, Luzern, 6210, Schweiz/Suisse/Svizzera/Svizra",47.1740371,8.1089654
Tarragona,,"Tarragona, Tarragonès, Tarragona, Catalunya, 43001, España",41.1172364,1.2546057
Tegernsee,,"Tegernsee, Landkreis Miesbach, Bayern, 83684, Deutschland",47.7099191,11.7543337
Toledo,,"Toledo, Castilla-La Mancha, España",39.8560679,-4.0239568
Torrebelvicino,1.0,"Torrebelvicino, Vicenza, Veneto, 36036, Italia",45.718939,11.3088339
Tortosa,,"Tortosa, Baix Ebre, Tarragona, Catalunya, 43500, España",40.8110158,0.5209333
Toscolano,,"Toscolano, Toscolano Maderno, Comunità Montana Parco Alto Garda bresciano, Brescia, Lombardia, 25088, Italia",45.6450065,10.6167887
Toulouse,,"Toulouse, Haute-Garonne, Occitanie, France métropolitaine, France",43.6044622,1.4442469
Tours,,"Tours, Indre-et-Loire, Centre-Val de Loire, France métropolitaine, France",47.3900474,0.6889268
Tréguier,,"Tréguier, Lannion, Côtes-d'Armor, Bretagne, France métropolitaine, 22220, France",48.784201,-3.2319779
Trevi,,"Trevi, Perugia, Umbria, 06039, Italia",42.8774972,12.7474547
Treviso,5.0,"Treviso, Veneto, Italia",45.806691349999994,12.206315763116372
Trient,,"Trento, Territorio Val d'Adige, Provincia di Trento, Trentino-Alto Adige/Südtirol, Italia",46.0664228,11.1257601
Trier,,"Trier, Rheinland-Pfalz, Deutschland",49.7596208,6.6441878
Troyes,,"Troyes, Aube, Grand Est, France métropolitaine, 10000, France",48.2971626,4.0746257
Tübingen,,"Tübingen, Landkreis Tübingen, Baden-Württemberg, Deutschland",48.5236164,9.0535531
Turin,,"Torino, Piemonte, Italia",45.0677551,7.6824892
Udine,,"Udine, UTI del Friuli Centrale, Friuli-Venezia Giulia, 33100, Italia",46.0634632,13.2358377
Ulm,30.0,"Ulm, Baden-Württemberg, Deutschland",48.3974003,9.9934336
Ungarn,,Magyarország,47.1817585,19.5060937
Urach,,"Urach, Vöhrenbach, Schwarzwald-Baar-Kreis, Baden-Württemberg, 79871, Deutschland",48.0054454,8.2494009
Urbino,,"Urbino, Pesaro e Urbino, Marche, 61029, Italia",43.7262608,12.6363135
Utrecht,2.0,"Utrecht, Nederland",52.080985600000005,5.12768396945229
Uzès,,"Uzès, Nîmes, Gard, Occitanie, France métropolitaine, 30700, France",44.0121279,4.4196718
Vadstena,,"Vadstena kommun, Östergötlands län, Sverige",58.433333,14.783333
Valencia,,"València, Comarca de València, València / Valencia, Comunitat Valenciana, España",39.4697065,-0.3763353
Valenciennes,,"Valenciennes, Nord, Hauts-de-France, France métropolitaine, 59300, France",50.3579317,3.5234846
Valladolid,,"Valladolid, Castilla y León, España",41.6521328,-4.728562
Varazze,,"Varazze, Savona, Liguria, 17019, Italia",44.3592996,8.5753273
Venedig,132.0,"Venezia, Veneto, Italia",45.4371908,12.3345898
Vercelli,,"Vercelli, Piemonte, Italia",45.55538265,8.346283678327271
Verona,3.0,"Verona, Veneto, Italia",45.4384958,10.9924122
Vicenza,7.0,"Vicenza, Veneto, Italia",45.63485905,11.40635425660249
Vienne,,"Wien, Österreich",48.2083537,16.3725042
Viterbo,,"Viterbo, Lazio, Italia",42.49368885,11.945067829807687
Voghera,,"Voghera, Pavia, Lombardia, 27058, Italia",44.9928402,9.0085929
Wessobrunn,,"Wessobrunn, Landkreis Weilheim-Schongau, Bayern, 82405, Deutschland",47.874215,11.0238794
Westminster,1.0,"Westminster, Millbank, City of Westminster, London, Greater London, England, SW1P 3JX, United Kingdom",51.5004439,-0.1265398
Wien,4.0,"Wien, Österreich",48.2083537,16.3725042
Winterberg,1.0,"Winterberg, Hochsauerlandkreis, Nordrhein-Westfalen, 59955, Deutschland",51.1930723,8.5338466
Wittenberg,,"Wittenberg, Sachsen-Anhalt, Deutschland",51.8666527,12.646761
Würzburg,,"Würzburg, Bayern, Deutschland",49.79245,9.932966
Zamora,,"Zamora, Castilla y León, España",41.6857693,-5.942315018340977
Zaragoza,,"Zaragoza, Aragón, España",41.6521342,-0.8809428
Zengg,,"Senj, Grad Senj, Ličko-senjska županija, 52370, Hrvatska",44.9897329,14.9030557
Zinna,,"Zinna, Sachsen",51.566097552945905, 12.95495319903688
Zürich,,"Zürich, Bezirk Zürich, Zürich, Schweiz/Suisse/Svizzera/Svizra",47.3744489,8.5410422
Zweibrücken,,"Zweibrücken, Rheinland-Pfalz, 66482, Deutschland",49.248655,7.3641981
Zwolle,3.0,"Zwolle, Overijssel, Nederland",52.5089759,6.0943765
